Workbook

Sheet Sheet2
A2: lab 3
B3: Q1 | E3: Q2 | F3: Q3 | G3: Q4 | H3: Q5 | I3: Q6
A4: OrderID | B4: ProductID | C4: product name | D4: Quantity | E4: total price | F4: exist or not | G4: after 10% discount | H4: Ordered or not ordered | I4: Max
A5: 1 | B5: 101 | C5: =VLOOKUP(B5,Sheet1!$A$2:$C$8,2,FALSE) -> Product A | D5: 2 | E5: =VLOOKUP(B5,Sheet1!$A$3:$C$8,3,FALSE)*D5 -> 240 | F5: =IFERROR(VLOOKUP(B5,Sheet1!$A$3:$A$8,1,0),"NOT FOUND") -> 101 | G5: =VLOOKUP(B5,Sheet1!$A$2:$C$8,3,0)*(1-10%) -> 108 | H5: =IF(COUNTIF($A$4:$D$10,A5)=0,"not ordered","ordered") -> ordered | I5: =MAX(E5:E10) -> 880
A6: 2 | B6: 103 | C6: =VLOOKUP(B6,Sheet1!$A$2:$C$8,2,FALSE) -> Product C | D6: 1 | E6: =VLOOKUP(B6,Sheet1!$A$3:$C$8,3,FALSE)*D6 -> 200 | F6: =IFERROR(VLOOKUP(B6,Sheet1!$A$3:$A$8,1,0),"NOT FOUND") -> 103 | G6: =VLOOKUP(B6,Sheet1!$A$2:$C$8,3,0)*(1-10%) -> 180 | H6: =IF(COUNTIF($A$4:$D$10,A6)=0,"not ordered","ordered") -> ordered
A7: 3 | B7: 105 | C7: =VLOOKUP(B7,Sheet1!$A$2:$C$8,2,FALSE) -> Product E | D7: 4 | E7: =VLOOKUP(B7,Sheet1!$A$3:$C$8,3,FALSE)*D7 -> 880 | F7: =IFERROR(VLOOKUP(B7,Sheet1!$A$3:$A$8,1,0),"NOT FOUND") -> 105 | G7: =VLOOKUP(B7,Sheet1!$A$2:$C$8,3,0)*(1-10%) -> 198 | H7: =IF(COUNTIF($A$4:$D$10,A7)=0,"not ordered","ordered") -> ordered
A8: 4 | B8: 106 | C8: =VLOOKUP(B8,Sheet1!$A$2:$C$8,2,FALSE) -> Product F | D8: 3 | E8: =VLOOKUP(B8,Sheet1!$A$3:$C$8,3,FALSE)*D8 -> 390 | F8: =IFERROR(VLOOKUP(B8,Sheet1!$A$3:$A$8,1,0),"NOT FOUND") -> 106 | G8: =VLOOKUP(B8,Sheet1!$A$2:$C$8,3,0)*(1-10%) -> 117 | H8: =IF(COUNTIF($A$4:$D$10,A8)=0,"not ordered","ordered") -> ordered
A9: 5 | B9: 102 | C9: =VLOOKUP(B9,Sheet1!$A$2:$C$8,2,FALSE) -> Product B | D9: 5 | E9: =VLOOKUP(B9,Sheet1!$A$3:$C$8,3,FALSE)*D9 -> 750 | F9: =IFERROR(VLOOKUP(B9,Sheet1!$A$3:$A$8,1,0),"NOT FOUND") -> 102 | G9: =VLOOKUP(B9,Sheet1!$A$2:$C$8,3,0)*(1-10%) -> 135 | H9: =IF(COUNTIF($A$4:$D$10,A9)=0,"not ordered","ordered") -> ordered
A10: 6 | B10: 104 | C10: =VLOOKUP(B10,Sheet1!$A$2:$C$8,2,FALSE) -> Product D | D10: 6 | E10: =VLOOKUP(B10,Sheet1!$A$3:$C$8,3,FALSE)*D10 -> 540 | F10: =IFERROR(VLOOKUP(B10,Sheet1!$A$3:$A$8,1,0),"NOT FOUND") -> 104 | G10: =VLOOKUP(B10,Sheet1!$A$2:$C$8,3,0)*(1-10%) -> 81 | H10: =IF(COUNTIF($A$4:$D$10,A10)=0,"not ordered","ordered") -> ordered

Sheet Sheet1
A1: question 7
A2: PRODUCT ID | B2: Product | C2: Price | D2: total quantity
A3: 101 | B3: Product A | C3: 120 | D3: =VLOOKUP(B3,Sheet2!$C$5:$D$10,2,FALSE) -> 2
A4: 102 | B4: Product B | C4: 150 | D4: =VLOOKUP(B4,Sheet2!$C$5:$D$10,2,FALSE) -> 5
A5: 103 | B5: Product C | C5: 200 | D5: =VLOOKUP(B5,Sheet2!$C$5:$D$10,2,FALSE) -> 1
A6: 104 | B6: Product D | C6: 90 | D6: =VLOOKUP(B6,Sheet2!$C$5:$D$10,2,FALSE) -> 6
A7: 105 | B7: Product E | C7: 220 | D7: =VLOOKUP(B7,Sheet2!$C$5:$D$10,2,FALSE) -> 4
A8: 106 | B8: Product F | C8: 130 | D8: =VLOOKUP(B8,Sheet2!$C$5:$D$10,2,FALSE) -> 3
